timestamp,freq_hz,s_meter
2026-08-10 10:45:52,14000000,-32
2026-08-10 10:45:53,14000250,-33
2026-08-10 10:45:54,14000500,-34
2026-08-10 10:45:55,14000750,-40
2026-08-10 10:45:56,14001000,-40
2026-08-10 10:45:57,14001250,-40
2026-08-10 10:45:58,14001500,-41
2026-08-10 10:45:59,14001750,-40
2026-08-10 10:45:59,14002000,-40
2026-08-10 10:46:00,14002250,-40
2026-08-10 10:46:01,14002500,-42
2026-08-10 10:46:02,14002750,-41
2026-08-10 10:46:03,14003000,-42
2026-08-10 10:46:04,14003250,-41
2026-08-10 10:46:05,14003500,-41
2026-08-10 10:46:06,14003750,-41
2026-08-10 10:46:06,14004000,-41
2026-08-10 10:46:07,14004250,-42
2026-08-10 10:46:08,14004500,-42
2026-08-10 10:46:09,14004750,-41
2026-08-10 10:46:10,14005000,-42
2026-08-10 10:46:11,14005250,-42
2026-08-10 10:46:12,14005500,-41
2026-08-10 10:46:13,14005750,-40
2026-08-10 10:46:14,14006000,-42
2026-08-10 10:46:14,14006250,-41
2026-08-10 10:46:15,14006500,-42
2026-08-10 10:46:16,14006750,-29
2026-08-10 10:46:17,14007000,-30
2026-08-10 10:46:18,14007250,-31
2026-08-10 10:46:19,14007500,-39
2026-08-10 10:46:20,14007750,-42
2026-08-10 10:46:21,14008000,-41
2026-08-10 10:46:21,14008250,-43
2026-08-10 10:46:22,14008500,-43
2026-08-10 10:46:23,14008750,-43
2026-08-10 10:46:24,14009000,-42
2026-08-10 10:46:25,14009250,-41
2026-08-10 10:46:26,14009500,-41
2026-08-10 10:46:27,14009750,-37
2026-08-10 10:46:28,14010000,-43
2026-08-10 10:46:28,14010250,-43
2026-08-10 10:46:29,14010500,-43
2026-08-10 10:46:30,14010750,-44
2026-08-10 10:46:31,14011000,-43
2026-08-10 10:46:32,14011250,-43
2026-08-10 10:46:33,14011500,-43
2026-08-10 10:46:34,14011750,-44
2026-08-10 10:46:35,14012000,-43
2026-08-10 10:46:36,14012250,-43
2026-08-10 10:46:36,14012500,-42
2026-08-10 10:46:37,14012750,-41
2026-08-10 10:46:38,14013000,-44
2026-08-10 10:46:39,14013250,-43
2026-08-10 10:46:40,14013500,-43
2026-08-10 10:46:41,14013750,-43
2026-08-10 10:46:42,14014000,-42
2026-08-10 10:46:43,14014250,-41
2026-08-10 10:46:43,14014500,-40
2026-08-10 10:46:44,14014750,-40
2026-08-10 10:46:45,14015000,-40
2026-08-10 10:46:46,14015250,-42
2026-08-10 10:46:47,14015500,-42
2026-08-10 10:46:48,14015750,-41
2026-08-10 10:46:49,14016000,-43
2026-08-10 10:46:50,14016250,-43
2026-08-10 10:46:50,14016500,-43
2026-08-10 10:46:51,14016750,-43
2026-08-10 10:46:52,14017000,-43
2026-08-10 10:46:53,14017250,-43
2026-08-10 10:46:54,14017500,-43
2026-08-10 10:46:55,14017750,-43
2026-08-10 10:46:56,14018000,-43
2026-08-10 10:46:57,14018250,-43
2026-08-10 10:46:57,14018500,-37
2026-08-10 10:46:58,14018750,-32
2026-08-10 10:46:59,14019000,-32
2026-08-10 10:47:00,14019250,-31
2026-08-10 10:47:01,14019500,-33
2026-08-10 10:47:02,14019750,-37
2026-08-10 10:47:03,14020000,-40
2026-08-10 10:47:04,14020250,-43
2026-08-10 10:47:04,14020500,-43
2026-08-10 10:47:05,14020750,-43
2026-08-10 10:47:06,14021000,-43
2026-08-10 10:47:07,14021250,-43
2026-08-10 10:47:08,14021500,-43
2026-08-10 10:47:09,14021750,-43
2026-08-10 10:47:10,14022000,-41
2026-08-10 10:47:11,14022250,-42
2026-08-10 10:47:12,14022500,-41
2026-08-10 10:47:12,14022750,-40
2026-08-10 10:47:13,14023000,-41
2026-08-10 10:47:14,14023250,-42
2026-08-10 10:47:15,14023500,-40
2026-08-10 10:47:16,14023750,-42
2026-08-10 10:47:17,14024000,-42
2026-08-10 10:47:18,14024250,-43
2026-08-10 10:47:19,14024500,-41
2026-08-10 10:47:19,14024750,-43
2026-08-10 10:47:20,14025000,-44
2026-08-10 10:47:21,14025250,-43
2026-08-10 10:47:22,14025500,-43
2026-08-10 10:47:23,14025750,-43
2026-08-10 10:47:24,14026000,-44
2026-08-10 10:47:25,14026250,-43
2026-08-10 10:47:26,14026500,-43
2026-08-10 10:47:26,14026750,-43
2026-08-10 10:47:27,14027000,-43
2026-08-10 10:47:28,14027250,-43
2026-08-10 10:47:29,14027500,-44
2026-08-10 10:47:30,14027750,-43
2026-08-10 10:47:31,14028000,-43
2026-08-10 10:47:32,14028250,-43
2026-08-10 10:47:33,14028500,-44
2026-08-10 10:47:33,14028750,-44
2026-08-10 10:47:34,14029000,-43
2026-08-10 10:47:35,14029250,-43
2026-08-10 10:47:36,14029500,-40
2026-08-10 10:47:37,14029750,-38
2026-08-10 10:47:38,14030000,-39
2026-08-10 10:47:39,14030250,-40
2026-08-10 10:47:40,14030500,-42
2026-08-10 10:47:40,14030750,-43
2026-08-10 10:47:41,14031000,-44
2026-08-10 10:47:42,14031250,-43
2026-08-10 10:47:43,14031500,-43
2026-08-10 10:47:44,14031750,-43
2026-08-10 10:47:45,14032000,-42
2026-08-10 10:47:46,14032250,-42
2026-08-10 10:47:47,14032500,-43
2026-08-10 10:47:48,14032750,-43
2026-08-10 10:47:48,14033000,-43
2026-08-10 10:47:49,14033250,-43
2026-08-10 10:47:50,14033500,-43
2026-08-10 10:47:51,14033750,-42
2026-08-10 10:47:52,14034000,-43
2026-08-10 10:47:53,14034250,-43
2026-08-10 10:47:54,14034500,-43
2026-08-10 10:47:55,14034750,-43
2026-08-10 10:47:55,14035000,-43
2026-08-10 10:47:56,14035250,-43
2026-08-10 10:47:57,14035500,-42
2026-08-10 10:47:58,14035750,-40
2026-08-10 10:47:59,14036000,-39
2026-08-10 10:48:00,14036250,-39
2026-08-10 10:48:01,14036500,-40
2026-08-10 10:48:02,14036750,-40
2026-08-10 10:48:02,14037000,-41
2026-08-10 10:48:03,14037250,-43
2026-08-10 10:48:04,14037500,-43
2026-08-10 10:48:05,14037750,-43
2026-08-10 10:48:06,14038000,-43
2026-08-10 10:48:07,14038250,-43
2026-08-10 10:48:08,14038500,-42
2026-08-10 10:48:09,14038750,-32
2026-08-10 10:48:09,14039000,-30
2026-08-10 10:48:10,14039250,-33
2026-08-10 10:48:11,14039500,-33
2026-08-10 10:48:12,14039750,-33
2026-08-10 10:48:13,14040000,-43
2026-08-10 10:48:14,14040250,-42
2026-08-10 10:48:15,14040500,-40
2026-08-10 10:48:16,14040750,-40
2026-08-10 10:48:16,14041000,-39
2026-08-10 10:48:17,14041250,-38
2026-08-10 10:48:18,14041500,-40
2026-08-10 10:48:19,14041750,-42
2026-08-10 10:48:20,14042000,-41
2026-08-10 10:48:21,14042250,-41
2026-08-10 10:48:22,14042500,-40
2026-08-10 10:48:23,14042750,-40
2026-08-10 10:48:23,14043000,-41
2026-08-10 10:48:24,14043250,-43
2026-08-10 10:48:25,14043500,-42
2026-08-10 10:48:26,14043750,-43
2026-08-10 10:48:27,14044000,-42
2026-08-10 10:48:28,14044250,-41
2026-08-10 10:48:29,14044500,-41
2026-08-10 10:48:30,14044750,-42
2026-08-10 10:48:30,14045000,-43
2026-08-10 10:48:31,14045250,-42
2026-08-10 10:48:32,14045500,-41
2026-08-10 10:48:33,14045750,-42
2026-08-10 10:48:34,14046000,-42
2026-08-10 10:48:35,14046250,-42
2026-08-10 10:48:36,14046500,-40
2026-08-10 10:48:37,14046750,-40
2026-08-10 10:48:37,14047000,-43
2026-08-10 10:48:38,14047250,-43
2026-08-10 10:48:39,14047500,-43
2026-08-10 10:48:40,14047750,-41
2026-08-10 10:48:41,14048000,-43
2026-08-10 10:48:42,14048250,-41
2026-08-10 10:48:43,14048500,-43
2026-08-10 10:48:44,14048750,-42
2026-08-10 10:48:44,14049000,-42
2026-08-10 10:48:45,14049250,-42
2026-08-10 10:48:46,14049500,-42
2026-08-10 10:48:47,14049750,-42
2026-08-10 10:48:48,14050000,-42
2026-08-10 10:48:49,14050250,-41
2026-08-10 10:48:50,14050500,-40
2026-08-10 10:48:51,14050750,-41
2026-08-10 10:48:51,14051000,-42
2026-08-10 10:48:52,14051250,-41
2026-08-10 10:48:53,14051500,-41
2026-08-10 10:48:54,14051750,-42
2026-08-10 10:48:55,14052000,-41
2026-08-10 10:48:56,14052250,-40
2026-08-10 10:48:57,14052500,-40
2026-08-10 10:48:58,14052750,-40
2026-08-10 10:48:59,14053000,-41
2026-08-10 10:48:59,14053250,-42
2026-08-10 10:49:00,14053500,-41
2026-08-10 10:49:01,14053750,-41
2026-08-10 10:49:02,14054000,-32
2026-08-10 10:49:03,14054250,-36
2026-08-10 10:49:04,14054500,-36
2026-08-10 10:49:05,14054750,-40
2026-08-10 10:49:06,14055000,-40
2026-08-10 10:49:06,14055250,-40
2026-08-10 10:49:07,14055500,-40
2026-08-10 10:49:08,14055750,-40
2026-08-10 10:49:09,14056000,-41
2026-08-10 10:49:10,14056250,-41
2026-08-10 10:49:11,14056500,-41
2026-08-10 10:49:12,14056750,-41
2026-08-10 10:49:13,14057000,-38
2026-08-10 10:49:13,14057250,-36
2026-08-10 10:49:14,14057500,-37
2026-08-10 10:49:15,14057750,-40
2026-08-10 10:49:16,14058000,-40
2026-08-10 10:49:17,14058250,-38
2026-08-10 10:49:18,14058500,-39
2026-08-10 10:49:19,14058750,-33
2026-08-10 10:49:20,14059000,-29
2026-08-10 10:49:20,14059250,-30
2026-08-10 10:49:21,14059500,-30
2026-08-10 10:49:22,14059750,-39
2026-08-10 10:49:23,14060000,-42
2026-08-10 10:49:24,14060250,-43
2026-08-10 10:49:25,14060500,-41
2026-08-10 10:49:26,14060750,-42
2026-08-10 10:49:27,14061000,-43
2026-08-10 10:49:28,14061250,-42
2026-08-10 10:49:28,14061500,-37
2026-08-10 10:49:29,14061750,-39
2026-08-10 10:49:30,14062000,-37
2026-08-10 10:49:31,14062250,-38
2026-08-10 10:49:32,14062500,-38
2026-08-10 10:49:33,14062750,-37
2026-08-10 10:49:34,14063000,-39
2026-08-10 10:49:35,14063250,-37
2026-08-10 10:49:35,14063500,-37
2026-08-10 10:49:36,14063750,-37
2026-08-10 10:49:37,14064000,-37
2026-08-10 10:49:38,14064250,-39
2026-08-10 10:49:39,14064500,-38
2026-08-10 10:49:40,14064750,-38
2026-08-10 10:49:41,14065000,-39
2026-08-10 10:49:42,14065250,-40
2026-08-10 10:49:42,14065500,-41
2026-08-10 10:49:43,14065750,-41
2026-08-10 10:49:44,14066000,-43
2026-08-10 10:49:45,14066250,-43
2026-08-10 10:49:46,14066500,-42
2026-08-10 10:49:47,14066750,-43
2026-08-10 10:49:48,14067000,-43
2026-08-10 10:49:49,14067250,-42
2026-08-10 10:49:49,14067500,-42
2026-08-10 10:49:50,14067750,-43
2026-08-10 10:49:51,14068000,-44
2026-08-10 10:49:52,14068250,-43
2026-08-10 10:49:53,14068500,-43
2026-08-10 10:49:54,14068750,-43
2026-08-10 10:49:55,14069000,-41
2026-08-10 10:49:56,14069250,-41
2026-08-10 10:49:56,14069500,-42
2026-08-10 10:49:57,14069750,-43
2026-08-10 10:49:58,14070000,-43
